Gene,Isoform,Localization,Correct prediction?,Sequence
CFD,Annotated,Golgi,Yes,MHSWERLAVLVLLGAAACGEEAWAWAAPPRGRILGGREAEAHARPYMASVQLNGAHLCGGVLVAEQWVLSAAHCLEDAADGKVQVLLGAHSLSQPEPSKRLYDVLRAVPHPDSQPDTIDHDLLLLQLSEKATLGPAVRPLPWQRVDRDVAPGTLCDVAGWGIVNHAGRRPDSLQHVLLPVLDRATCNRRTHHDGAITERLMCAESNRRDSCKGDSGGPLVCGGVLEGVVTSGSRVCGNRKKPGIYTRVASYAAWIDSVLA
CFD,Truncated,Cytosolic,Yes,MASVQLNGAHLCGGVLVAEQWVLSAAHCLEDAADGKVQVLLGAHSLSQPEPSKRLYDVLRAVPHPDSQPDTIDHDLLLLQLSEKATLGPAVRPLPWQRVDRDVAPGTLCDVAGWGIVNHAGRRPDSLQHVLLPVLDRATCNRRTHHDGAITERLMCAESNRRDSCKGDSGGPLVCGGVLEGVVTSGSRVCGNRKKPGIYTRVASYAAWIDSVLA
GARS,Annotated,Mitochondrial,Yes,MPSPRPVLLRGARAALLLLLPPRLLARPSLLLRRSLSAASCAPISLPAAASRSSMDGAGAEEVLAPLRLAVRQQGDLVRKLKEDKAPQVDVDKAVAELKARKRVLEAKELALQPKDDIVDRAKMEDTLKRRFFYDQAFAIYGGVSGLYDFGPVGCALKNNIIQTWRQHFIQEEQILEIDCTMLTPEPVLKTSGHVDKFADFMVKDVKNGECFRADHLLKAHLQKLMSDKKCSVEKKSEMESVLAQLDNYGQQELADLFVNYNVKSPITGNDLSPPVSFNLMFKTFIGPGGNMPGYLRPETAQGIFLNFKRLLEFNQGKLPFAAAQIGNSFRNEISPRSGLIRVREFTMAEIEHFVDPSEKDHPKFQNVADLHLYLYSAKAQVSGQSARKMRLGDAVEQGVINNTVLGYFIGRIYLYLTKVGISPDKLRFRQHMENEMAHYACDCWDAESKTSYGWIEIVGCADRSCYDLSCHARATKVPLVAEKPLKEPKTVNVVQFEPSKGAIGKAYKKDAKLVMEYLAICDECYITEMEMLLNEKGEFTIETEGKTFQLTKDMINVKRFQKTLYVEEVVPNVIEPSFGLGRIMYTVFEHTFHVREGDEQRTFFSFPAVVAPFKCSVLPLSQNQEFMPFVKELSEALTRHGVSHKVDDSSGSIGRRYARTDEIGVAFGVTIDFDTVNKTPHTATLRDRDSMRQIRAEISELPSIVQDLANGNITWADVEARYPLFEGQETGKKETIEE
GARS,Truncated,Cytosolic,Yes,MDGAGAEEVLAPLRLAVRQQGDLVRKLKEDKAPQVDVDKAVAELKARKRVLEAKELALQPKDDIVDRAKMEDTLKRRFFYDQAFAIYGGVSGLYDFGPVGCALKNNIIQTWRQHFIQEEQILEIDCTMLTPEPVLKTSGHVDKFADFMVKDVKNGECFRADHLLKAHLQKLMSDKKCSVEKKSEMESVLAQLDNYGQQELADLFVNYNVKSPITGNDLSPPVSFNLMFKTFIGPGGNMPGYLRPETAQGIFLNFKRLLEFNQGKLPFAAAQIGNSFRNEISPRSGLIRVREFTMAEIEHFVDPSEKDHPKFQNVADLHLYLYSAKAQVSGQSARKMRLGDAVEQGVINNTVLGYFIGRIYLYLTKVGISPDKLRFRQHMENEMAHYACDCWDAESKTSYGWIEIVGCADRSCYDLSCHARATKVPLVAEKPLKEPKTVNVVQFEPSKGAIGKAYKKDAKLVMEYLAICDECYITEMEMLLNEKGEFTIETEGKTFQLTKDMINVKRFQKTLYVEEVVPNVIEPSFGLGRIMYTVFEHTFHVREGDEQRTFFSFPAVVAPFKCSVLPLSQNQEFMPFVKELSEALTRHGVSHKVDDSSGSIGRRYARTDEIGVAFGVTIDFDTVNKTPHTATLRDRDSMRQIRAEISELPSIVQDLANGNITWADVEARYPLFEGQETGKKETIEE
PNPO,Annotated,Mitochondrial,Yes,MTCWLRGVTATFGRPAEWPGYLSHLCGRSAAMDLGPMRKSYRGDREAFEETHLTSLDPVKQFAAWFEEAVQCPDIGEANAMCLATCTRDGKPSARMLLLKGFGKDGFRFFTNFESRKGKELDSNPFASLVFYWEPLNRQVRVEGPVKKLPEEEAECYFHSRPKSSQIGAVVSHQSSVIPDREYLRKKNEELEQLYQDQEVPKPKSWGGYVLYPQVMEFWQGQTNRLHDRIVFRRGLPTGDSPLGPMTHRGEEDWLYERLAP
PNPO,Truncated,Cytosolic,Yes,MDLGPMRKSYRGDREAFEETHLTSLDPVKQFAAWFEEAVQCPDIGEANAMCLATCTRDGKPSARMLLLKGFGKDGFRFFTNFESRKGKELDSNPFASLVFYWEPLNRQVRVEGPVKKLPEEEAECYFHSRPKSSQIGAVVSHQSSVIPDREYLRKKNEELEQLYQDQEVPKPKSWGGYVLYPQVMEFWQGQTNRLHDRIVFRRGLPTGDSPLGPMTHRGEEDWLYERLAP
AKR7A2,Annotated,Mitochondrial,Yes,MLSAASRVVSRAAVHCALRSPPPEARALAMSRPPPPRVASVLGTMEMGRRMDAPASAAAVRAFLERGHTELDTAFMYSDGQSETILGGLGLGLGGGDCRVKIATKANPWDGKSLKPDSVRSQLETSLKRLQCPQVDLFYLHAPDHGTPVEETLHACQRLHQEGKFVELGLSNYASWEVAEICTLCKSNGWILPTVYQGMYNATTRQVETELFPCLRHFGLRFYAYNPLAGGLLTGKYKYEDKDGKQPVGRFFGNSWAETYRNRFWKEHHFEAIALVEKALQAAYGASAPSVTSAALRWMYHHSQLQGAHGDAVILGMSSLEQLEQNLAATEEGPLEPAVVDAFNQAWHLVAHECPNYFR
AKR7A2,Truncated,Cytosolic,Yes,MSRPPPPRVASVLGTMEMGRRMDAPASAAAVRAFLERGHTELDTAFMYSDGQSETILGGLGLGLGGGDCRVKIATKANPWDGKSLKPDSVRSQLETSLKRLQCPQVDLFYLHAPDHGTPVEETLHACQRLHQEGKFVELGLSNYASWEVAEICTLCKSNGWILPTVYQGMYNATTRQVETELFPCLRHFGLRFYAYNPLAGGLLTGKYKYEDKDGKQPVGRFFGNSWAETYRNRFWKEHHFEAIALVEKALQAAYGASAPSVTSAALRWMYHHSQLQGAHGDAVILGMSSLEQLEQNLAATEEGPLEPAVVDAFNQAWHLVAHECPNYFR
GADD45GIP1,Annotated,Mitochondrial,Yes,MAASVRQARSLLGVAATLAPGSRGYRARPPPRRRPGPRWPDPEDLLTPRWQLGPRYAAKQFARYGAASGVVPGSLWPSPEQLRELEAEEREWYPSLATMQESLRVKQLAEEQKRREREQHIAECMAKMPQMIVNWQQQQRENWEKAQADKERRARLQAEAQELLGYQVDPRSARFQELLQDLEKKERKRLKEEKQKRKKEARAAALAAAVAQDPAASGAPSS
GADD45GIP1,Truncated,Cytosolic,Yes,MAPGSRGYRARPPPRRRPGPRWPDPEDLLTPRWQLGPRYAAKQFARYGAASGVVPGSLWPSPEQLRELEAEEREWYPSLATMQESLRVKQLAEEQKRREREQHIAECMAKMPQMIVNWQQQQRENWEKAQADKERRARLQAEAQELLGYQVDPRSARFQELLQDLEKKERKRLKEEKQKRKKEARAAALAAAVAQDPAASGAPSS
FH,Annotated,Mitochondrial,Yes,MYRALRLLARSRPLVRAPAAALASAPGLGGAAVPSFWPPNAARMASQNSFRIEYDTFGELKVPNDKYYGAQTVRSTMNFKIGGVTERMPTPVIKAFGILKRAAAEVNQDYGLDPKIANAIMKAADEVAEGKLNDHFPLVVWQTGSGTQTNMNVNEVISNRAIEMLGGELGSKIPVHPNDHVNKSQSSNDTFPTAMHIAAAIEVHEVLLPGLQKLHDALDAKSKEFAQIIKIGRTHTQDAVPLTLGQEFSGYVQQVKYAMTRIKAAMPRIYELAAGGTAVGTGLNTRIGFAEKVAAKVAALTGLPFVTAPNKFEALAAHDALVELSGAMNTTACSLMKIANDIRFLGSGPRSGLGELILPENEPGSSIMPGKVNPTQCEAMTMVAAQVMGNHVAVTVGGSNGHFELNVFKPMMIKNVLHSARLLGDASVSFTENCVVGIQANTERINKLMNESLMLVTALNPHIGYDKAAKIAKTAHKNGSTLKETAIELGYLTAEQFDEWVKPKDMLGPK
FH,Truncated,Cytosolic,Yes,MASQNSFRIEYDTFGELKVPNDKYYGAQTVRSTMNFKIGGVTERMPTPVIKAFGILKRAAAEVNQDYGLDPKIANAIMKAADEVAEGKLNDHFPLVVWQTGSGTQTNMNVNEVISNRAIEMLGGELGSKIPVHPNDHVNKSQSSNDTFPTAMHIAAAIEVHEVLLPGLQKLHDALDAKSKEFAQIIKIGRTHTQDAVPLTLGQEFSGYVQQVKYAMTRIKAAMPRIYELAAGGTAVGTGLNTRIGFAEKVAAKVAALTGLPFVTAPNKFEALAAHDALVELSGAMNTTACSLMKIANDIRFLGSGPRSGLGELILPENEPGSSIMPGKVNPTQCEAMTMVAAQVMGNHVAVTVGGSNGHFELNVFKPMMIKNVLHSARLLGDASVSFTENCVVGIQANTERINKLMNESLMLVTALNPHIGYDKAAKIAKTAHKNGSTLKETAIELGYLTAEQFDEWVKPKDMLGPK
ELAC2,Annotated,Mitochondrial,Yes,MWALCSLLRSAAGRTMSQGRTISQAPARRERPRKDPLRHLRTREKRGPSGCSGGPNTVYLQVVAAGSRDSGAALYVFSEFNRYLFNCGEGVQRLMQEHKLKVARLDNIFLTRMHWSNVGGLSGMILTLKETGLPKCVLSGPPQLEKYLEAIKIFSGPLKGIELAVRPHSAPEYEDETMTVYQIPIHSEQRRGKHQPWQSPERPLSRLSPERSSDSESNENEPHLPHGVSQRRGVRDSSLVVAFICKLHLKRGNFLVLKAKEMGLPVGTAAIAPIIAAVKDGKSITHEGREILAEELCTPPDPGAAFVVVECPDESFIQPICENATFQRYQGKADAPVALVVHMAPASVLVDSRYQQWMERFGPDTQHLVLNENCASVHNLRSHKIQTQLNLIHPDIFPLLTSFRCKKEGPTLSVPMVQGECLLKYQLRPRREWQRDAIITCNPEEFIVEALQLPNFQQSVQEYRRSAQDGPAPAEKRSQYPEIIFLGTGSAIPMKIRNVSATLVNISPDTSLLLDCGEGTFGQLCRHYGDQVDRVLGTLAAVFVSHLHADHHTGLPSILLQRERALASLGKPLHPLLVVAPNQLKAWLQQYHNQCQEVLHHISMIPAKCLQEGAEISSPAVERLISSLLRTCDLEEFQTCLVRHCKHAFGCALVHTSGWKVVYSGDTMPCEALVRMGKDATLLIHEATLEDGLEEEAVEKTHSTTSQAISVGMRMNAEFIMLNHFSQRYAKVPLFSPNFSEKVGVAFDHMKVCFGDFPTMPKLIPPLKALFAGDIEEMEERREKRELRQVRAALLSRELAGGLEDGEPQQKRAHTEEPQAKKVRAQ
ELAC2,Truncated,Cytosolic,Yes,MSQGRTISQAPARRERPRKDPLRHLRTREKRGPSGCSGGPNTVYLQVVAAGSRDSGAALYVFSEFNRYLFNCGEGVQRLMQEHKLKVARLDNIFLTRMHWSNVGGLSGMILTLKETGLPKCVLSGPPQLEKYLEAIKIFSGPLKGIELAVRPHSAPEYEDETMTVYQIPIHSEQRRGKHQPWQSPERPLSRLSPERSSDSESNENEPHLPHGVSQRRGVRDSSLVVAFICKLHLKRGNFLVLKAKEMGLPVGTAAIAPIIAAVKDGKSITHEGREILAEELCTPPDPGAAFVVVECPDESFIQPICENATFQRYQGKADAPVALVVHMAPASVLVDSRYQQWMERFGPDTQHLVLNENCASVHNLRSHKIQTQLNLIHPDIFPLLTSFRCKKEGPTLSVPMVQGECLLKYQLRPRREWQRDAIITCNPEEFIVEALQLPNFQQSVQEYRRSAQDGPAPAEKRSQYPEIIFLGTGSAIPMKIRNVSATLVNISPDTSLLLDCGEGTFGQLCRHYGDQVDRVLGTLAAVFVSHLHADHHTGLPSILLQRERALASLGKPLHPLLVVAPNQLKAWLQQYHNQCQEVLHHISMIPAKCLQEGAEISSPAVERLISSLLRTCDLEEFQTCLVRHCKHAFGCALVHTSGWKVVYSGDTMPCEALVRMGKDATLLIHEATLEDGLEEEAVEKTHSTTSQAISVGMRMNAEFIMLNHFSQRYAKVPLFSPNFSEKVGVAFDHMKVCFGDFPTMPKLIPPLKALFAGDIEEMEERREKRELRQVRAALLSRELAGGLEDGEPQQKRAHTEEPQAKKVRAQ
MRPS38,Extended,Nucleolar,No,MRAPGAAAGGPGVQPRGSPGTCGRRPQTMLLGRLTSQLLRAVPWAGGRPPWPVSGVLGSRVCGPLYSTSPAGPGRAASLPRKGAQLELEEMLVPRKMSVSPLESWLTARCFLPRLDTGTAGTVAPPQSYQCPPSQIGEGAEQGDEGVADAPQIQCKNVLKIRRRKMNHHKYRKLVKKTRFLRRKVQEGRLRRKQIKFEKDLRRIWLKAGLKEAPEGWQTPKIYLRGK
MRPS38,Annotated,Mitochondrial,Yes,MLLGRLTSQLLRAVPWAGGRPPWPVSGVLGSRVCGPLYSTSPAGPGRAASLPRKGAQLELEEMLVPRKMSVSPLESWLTARCFLPRLDTGTAGTVAPPQSYQCPPSQIGEGAEQGDEGVADAPQIQCKNVLKIRRRKMNHHKYRKLVKKTRFLRRKVQEGRLRRKQIKFEKDLRRIWLKAGLKEAPEGWQTPKIYLRGK
TOP3A,Extended,Nuclear,Yes,MVPFRWAPFEPHLWLPQDAPAAGERLRARGLRMIFPVARYALRWLRRPEDRAFSRAAMEMALRGVRKVLCVAEKNDAAKGIADLLSNGRMRRREGLSKFNKIYEFDYHLYGQNVTMVMTSVSGHLLAHDFQMQFRKWQSCNPLVLFEAEIEKYCPENFVDIKKTLERETRQCQALVIWTDCDREGENIGFEIIHVCKAVKPNLQVLRARFSEITPHAVRTACENLTEPDQRVSDAVDVRQELDLRIGAAFTRFQTLRLQRIFPEVLAEQLISYGSCQFPTLGFVVERFKAIQAFVPEIFHRIKVTHDHKDGIVEFNWKRHRLFNHTACLVLYQLCVEDPMATVVEVRSKPKSKWRPQALDTVELEKLASRKLRINAKETMRIAEKLYTQGYISYPRTETNIFPRDLNLTVLVEQQTPDPRWGAFAQSILERGGPTPRNGNKSDQAHPPIHPTKYTNNLQGDEQRLYEFIVRHFLACCSQDAQGQETTVEIDIAQERFVAHGLMILARNYLDVYPYDHWSDKILPVYEQGSHFQPSTVEMVDGETSPPKLLTEADLIALMEKHGIGTDATHAEHIETIKARMYVGLTPDKRFLPGHLGMGLVEGYDSMGYEMSKPDLRAELEADLKLICDGKKDKFVVLRQQVQKYKQVFIEAVAKAKKLDEALAQYFGNGTELAQQEDIYPAMPEPIRKCPQCNKDMVLKTKKNGGFYLSCMGFPECRSAVWLPDSVLEASRDSSVCPVCQPHPVYRLKLKFKRGSLPPTMPLEFVCCIGGCDDTLREILDLRFSGGPPRASQPSGRLQANQSLNRMDNSQHPQPADSRQTGSSKALAQTLPPPTAAGESNSVTCNCGQEAVLLTVRKEGPNRGRQFFKCNGGSCNFFLWADSPNPGAGGPPALAYRPLGASLGCPPGPGIHLGGFGNPGDGSGSGTSCLCSQPSVTRTVQKDGPNKGRQFHTCAKPREQQCGFFQWVDENTAPGTSGAPSWTGDRGRTLESEARSKRPRASSSDMGSTAKKPRKCSLCHQPGHTRPFCPQNR
TOP3A,Annotated,Mitochondrial,Yes,MIFPVARYALRWLRRPEDRAFSRAAMEMALRGVRKVLCVAEKNDAAKGIADLLSNGRMRRREGLSKFNKIYEFDYHLYGQNVTMVMTSVSGHLLAHDFQMQFRKWQSCNPLVLFEAEIEKYCPENFVDIKKTLERETRQCQALVIWTDCDREGENIGFEIIHVCKAVKPNLQVLRARFSEITPHAVRTACENLTEPDQRVSDAVDVRQELDLRIGAAFTRFQTLRLQRIFPEVLAEQLISYGSCQFPTLGFVVERFKAIQAFVPEIFHRIKVTHDHKDGIVEFNWKRHRLFNHTACLVLYQLCVEDPMATVVEVRSKPKSKWRPQALDTVELEKLASRKLRINAKETMRIAEKLYTQGYISYPRTETNIFPRDLNLTVLVEQQTPDPRWGAFAQSILERGGPTPRNGNKSDQAHPPIHPTKYTNNLQGDEQRLYEFIVRHFLACCSQDAQGQETTVEIDIAQERFVAHGLMILARNYLDVYPYDHWSDKILPVYEQGSHFQPSTVEMVDGETSPPKLLTEADLIALMEKHGIGTDATHAEHIETIKARMYVGLTPDKRFLPGHLGMGLVEGYDSMGYEMSKPDLRAELEADLKLICDGKKDKFVVLRQQVQKYKQVFIEAVAKAKKLDEALAQYFGNGTELAQQEDIYPAMPEPIRKCPQCNKDMVLKTKKNGGFYLSCMGFPECRSAVWLPDSVLEASRDSSVCPVCQPHPVYRLKLKFKRGSLPPTMPLEFVCCIGGCDDTLREILDLRFSGGPPRASQPSGRLQANQSLNRMDNSQHPQPADSRQTGSSKALAQTLPPPTAAGESNSVTCNCGQEAVLLTVRKEGPNRGRQFFKCNGGSCNFFLWADSPNPGAGGPPALAYRPLGASLGCPPGPGIHLGGFGNPGDGSGSGTSCLCSQPSVTRTVQKDGPNKGRQFHTCAKPREQQCGFFQWVDENTAPGTSGAPSWTGDRGRTLESEARSKRPRASSSDMGSTAKKPRKCSLCHQPGHTRPFCPQNR
RFK,Extended,Mitochondrial,Yes,MQLLRRPAVFVGSAASGIRSGLWSASSGHWCAPAAGRAHAPVPRLVRGLGAASTAAPQDAQTGPQPIPRADCIMRHLPYFCRGQVVRGFGRGSKQLGIPTANFPEQVVDNLPADISTGIYYGWASVGSGDVHKMVVSIGWNPYYKNTKKSMETHIMHTFKEDFYGEILNVAIVGYLRPEKNFDSLESLISAIQGDIEEAKKRLELPEHLKIKEDNFFQVSKSKIMNGH
RFK,Annotated,Cytosolic,Yes,MRHLPYFCRGQVVRGFGRGSKQLGIPTANFPEQVVDNLPADISTGIYYGWASVGSGDVHKMVVSIGWNPYYKNTKKSMETHIMHTFKEDFYGEILNVAIVGYLRPEKNFDSLESLISAIQGDIEEAKKRLELPEHLKIKEDNFFQVSKSKIMNGH
DPH5,Extended,Endoplasmic reticulum,Yes,MILSAGNWLLLVSLLLKFEMLYLIGLGLGDAKDITVKGLEVVRRCSRVYLEAYTSVLTVGKEALEEFYGRKLVVADREEVEQEADNILKDADISDVAFLVVGDPFGATTHSDLVLRATKLGIPYRVIHNASIMNAVGCCGLQLYKFGETVSIVFWTDTWRPESFFDKVKKNRQNGMHTLCLLDIKVKEQSLENLIKGRKIYEPPRYMSVNQAAQQLLEIVQNQRIRGEEPAVTEETLCVGLARVGADDQKIAAGTLRQMCTVDLGEPLHSLIITGGSIHPMEMEMLSLFSIPENSSESQSINGL
DPH5,Annotated,Cytosolic,Yes,MLYLIGLGLGDAKDITVKGLEVVRRCSRVYLEAYTSVLTVGKEALEEFYGRKLVVADREEVEQEADNILKDADISDVAFLVVGDPFGATTHSDLVLRATKLGIPYRVIHNASIMNAVGCCGLQLYKFGETVSIVFWTDTWRPESFFDKVKKNRQNGMHTLCLLDIKVKEQSLENLIKGRKIYEPPRYMSVNQAAQQLLEIVQNQRIRGEEPAVTEETLCVGLARVGADDQKIAAGTLRQMCTVDLGEPLHSLIITGGSIHPMEMEMLSLFSIPENSSESQSINGL
PTMS,Extended,Nucleolar,No,MRVSAPDPPPPHPARLCRLFQRPSLPSGRRCRCRRRRRHRARFRPRPPSAVQGPSVSAPGPRLPASPGPGPGTMSEKSVEAAAELSAKDLKEKKEKVEEKASRKERKKEVVEEEENGAEEEEEETAEDGEEEDEGEEEDEEEEEEDDEGPALKRAAEEEDEADPKRQKTENGASA
PTMS,Annotated,Nuclear,No,MSEKSVEAAAELSAKDLKEKKEKVEEKASRKERKKEVVEAPVPLVVMVGKACSQPEATPSPGPHRRRRTGLRRKKKKLPRMERRKMKGKKKMRKKKKRMMKGPR
SPAST,Extended,Lipid body,No,MLRLVAFHLGLLFVWLCQRFSRALMAAKRSSGAAPAPASASAPAPVPGGEAERVRVFHKQAFEYISIALRIDEDEKAGQKEQAVEWYKKGIEELEKGIAVIVTGQGEQCERARRLQAKMMTNLVMAKDRLQLLEKMQPVLPFSKSQTDVYNDSTNLACRNGHLQSESGAVPKRKDPLTHTSNSLPRSKTVMKTGSAGLSGHHRAPSYSGLSMVSGVKQGSGPAPTTHKGTPKTNRTNKPSTPTTATRKKKDLKNFRNVDSNLANLIMNEIVDNGTAVKFDDIAGQDLAKQALQEIVILPSLRPELFTGLRAPARGLLLFGPPGNGKTMLAKAVAAESNATFFNISAASLTSKYVGEGEKLVRALFAVARELQPSIIFIDEVDSLLCERREGEHDASRRLKTEFLIEFDGVQSAGDDRVLVMGATNRPQELDEAVLRRFIKRVYVSLPNEETRLLLLKNLLCKQGSPLTQKELAQLARMTDGYSGSDLTALAKDAALGPIRELKPEQVKNMSASEMRNIRLSDFTESLKKIKRSVSPQTLEAYIRWNKDFGDTTV
SPAST,Annotated,Cytosolic,No,MAAKRSSGAAPAPASASAPAPVPGGEAERVRVFHKQAFEYISIALRIDEDEKAGQKEQAVEWYKKGIEELEKGIAVIVTGQGEQCERARRLQAKMMTNLVMAKDRLQLLEKMQPVLPFSKSQTDVYNDSTNLACRNGHLQSESGAVPKRKDPLTHTSNSLPRSKTVMKTGSAGLSGHHRAPSYSGLSMVSGVKQGSGPAPTTHKGTPKTNRTNKPSTPTTATRKKKDLKNFRNVDSNLANLIMNEIVDNGTAVKFDDIAGQDLAKQALQEIVILPSLRPELFTGLRAPARGLLLFGPPGNGKTMLAKAVAAESNATFFNISAASLTSKYVGEGEKLVRALFAVARELQPSIIFIDEVDSLLCERREGEHDASRRLKTEFLIEFDGVQSAGDDRVLVMGATNRPQELDEAVLRRFIKRVYVSLPNEETRLLLLKNLLCKQGSPLTQKELAQLARMTDGYSGSDLTALAKDAALGPIRELKPEQVKNMSASEMRNIRLSDFTESLKKIKRSVSPQTLEAYIRWNKDFGDTTV
PDGFA,Extended,Golgi,No,MLPAPPSSGPRSLRDGTEFRRHRRPAGAPAPRPRLSSEQPAPRDAMRTLACLLLLGCGYLAHVLAEEAEIPREVIERLARSQIHSIRDLQRLLEIDSVGSEDSLDTSLRAHGVHATKHVPEKRPLPIRRKRSIEEAVPAVCKTRTVIYEIPRSQVDPTSANFLIWPPCVEVKRCTGCCNTSSVKCQPSRVHHRSVKVAKVEYVRKKPKLKEVQVRLEEHLECACATTSLNPDYREEDTGRPRESGKKRKRKRLKPT
PDGFA,Annotated,Golgi,Yes,MRTLACLLLLGCGYLAHVLAEEAEIPREVIERLARSQIHSIRDLQRLLEIDSVGSEDSLDTSLRAHGVHATKHVPEKRPLPIRRKRSIEEAVPAVCKTRTVIYEIPRSQVDPTSANFLIWPPCVEVKRCTGCCNTSSVKCQPSRVHHRSVKVAKVEYVRKKPKLKEVQVRLEEHLECACATTSLNPDYREEDTGRPRESGKKRKRKRLKPT
BAG3,Extended,Cytosolic,No,MDQKFLAGQLLPPFISSFPSGSEEAISRHFHPSLATSPPPLIHKGARRRLPGHVGGGEGPTAAARPETRRPEPAPRTRAPAGRPQPSMSAATHSPMMQVASGNGDRDPLPPGWEIKIDPQTGWPFFVDHNSRTTTWNDPRVPSEGPKETPSSANGPSREGSRLPPAREGHPVYPQLRPGYIPIPVLHEGAENRQVHPFHVYPQPGMQRFRTEAAAAAPQRSQSPLRGMPETTQPDKQCGQVAAAAAAQPPASHGPERSQSPAASDCSSSSSSASLPSSGRSSLGSHQLPRGYISIPVIHEQNVTRPAAQPSFHQAQKTHYPAQQGEYQTHQPVYHKIQGDDWEPRPLRAASPFRSSVQGASSREGSPARSSTPLHSPSPIRVHTVVDRPQQPMTHRETAPVSQPENKPESKPGPVGPELPPGHIPIQVIRKEVDSKPVSQKPPPPSEKVEVKVPPAPVPCPPPSPGPSAVPSSPKSVATEERAAPSTAPAEATPPKPGEAEAPPKHPGVLKVEAILEKVQGLEQAVDNFEGKKTDKKYLMIEEYLTKELLALDSVDPEGRADVRQARRDGVRKVQTILEKLEQKAIDVPGQVQVYELQPSNLEADQPLQAIMEMGAVAADKGKKNAGNAEDPHTETQQPEATAAATSNPSSMTDTPGNPAAP
BAG3,Annotated,Cytosolic,Yes,MSAATHSPMMQVASGNGDRDPLPPGWEIKIDPQTGWPFFVDHNSRTTTWNDPRVPSEGPKETPSSANGPSREGSRLPPAREGHPVYPQLRPGYIPIPVLHEGAENRQVHPFHVYPQPGMQRFRTEAAAAAPQRSQSPLRGMPETTQPDKQCGQVAAAAAAQPPASHGPERSQSPAASDCSSSSSSASLPSSGRSSLGSHQLPRGYISIPVIHEQNVTRPAAQPSFHQAQKTHYPAQQGEYQTHQPVYHKIQGDDWEPRPLRAASPFRSSVQGASSREGSPARSSTPLHSPSPIRVHTVVDRPQQPMTHRETAPVSQPENKPESKPGPVGPELPPGHIPIQVIRKEVDSKPVSQKPPPPSEKVEVKVPPAPVPCPPPSPGPSAVPSSPKSVATEERAAPSTAPAEATPPKPGEAEAPPKHPGVLKVEAILEKVQGLEQAVDNFEGKKTDKKYLMIEEYLTKELLALDSVDPEGRADVRQARRDGVRKVQTILEKLEQKAIDVPGQVQVYELQPSNLEADQPLQAIMEMGAVAADKGKKNAGNAEDPHTETQQPEATAAATSNPSSMTDTPGNPAAP
SORD,Extended,Cytosolic,No,MSRAFQAALQSQKSSMAAAAKPNNLSLVVHGPGDLRLENYPIPEPGPNEVLLRMHSVGICGSDVHYWEYGRIGNFIVKKPMVLGHEASGTVEKVGSSVKHLKPGDRVAIEPGAPRENDEFCKMGRYNLSPSIFFCATPPDDGNLCRFYKHNAAFCYKLPDNVTFEEGALIEPLSVGIHACRRGGVTLGHKVLVCGAGPIGMVTLLVAKAMGAAQVVVTDLSATRLSKAKEIGADLVLQISKESPQEIARKVEGQLGCKPEVTIECTGAEASIQAGIYATRSGGNLVLVGLGSEMTTVPLLHAAIREVDIKGVFRYCNTWPVAISMLASKSVNVKPLVTHRFPLEKALEAFETFKKGLGLKIMLKCDPSDQNP
SORD,Annotated,Cytosolic,No,MAAAAKPNNLSLVVHGPGDLRLENYPIPEPGPNEVLLRMHSVGICGSDVHYWEYGRIGNFIVKKPMVLGHEASGTVEKVGSSVKHLKPGDRVAIEPGAPRENDEFCKMGRYNLSPSIFFCATPPDDGNLCRFYKHNAAFCYKLPDNVTFEEGALIEPLSVGIHACRRGGVTLGHKVLVCGAGPIGMVTLLVAKAMGAAQVVVTDLSATRLSKAKEIGADLVLQISKESPQEIARKVEGQLGCKPEVTIECTGAEASIQAGIYATRSGGNLVLVGLGSEMTTVPLLHAAIREVDIKGVFRYCNTWPVAISMLASKSVNVKPLVTHRFPLEKALEAFETFKKGLGLKIMLKCDPSDQNP
REXO2,Annotated,Nuclear,No,MLGGSLGSRLLRGVGGSHGRFGARGVREGGAAMAAGESMAQRMVWVDLEMTGLDIEKDQIIEMACLITDSDLNILAEGPNLIIKQPDELLDSMSDWCKEHHGKSGLTKAVKESTITLQQAEYEFLSFVRQQTPPGLCPLAGNSVHEDKKFLDKYMPQFMKHLHYRIIDVSTVKELCRRWYPEEYEFAPKKAASHRALDDISESIKELQFYRNNIFKKKIDEKKRKIIENGENEKTVS
REXO2,Truncated,Nuclear,No,MAAGESMAQRMVWVDLEMTGLDIEKDQIIEMACLITDSDLNILAEGPNLIIKQPDELLDSMSDWCKEHHGKSGLTKAVKESTITLQQAEYEFLSFVRQQTPPGLCPLAGNSVHEDKKFLDKYMPQFMKHLHYRIIDVSTVKELCRRWYPEEYEFAPKKAASHRALDDISESIKELQFYRNNIFKKKIDEKKRKIIENGENEKTVS
PCSK9,Extended,Endoplasmic reticulum,Yes,MAAGESMAQRMVWVDLEMTGLDIEKDQIIEMACLITDSDLNILAEGPNLIIKQPDELLDSMSDWCKEHHGKSGLTKAVKESTITLQQAEYEFLSFVRQQTPPGLCPLAGNSVHEDKKFLDKYMPQFMKHLHYRIIDVSTVKELCRRWYPEEYEFAPKKAASHRALDDISESIKELQFYRNNIFKKKIDEKKRKIIENGENEKTVS
PCSK9,Annotated,Endoplasmic reticulum,No,MGTVSSRRSWWPLPLLLLLLLLLGPAGARAQEDEDGDYEELVLALRSEEDGLAEAPEHGTTATFHRCAKDPWRLPGTYVVVLKEETHLSQSERTARRLQAQAARRGYLTKILHVFHGLLPGFLVKMSGDLLELALKLPHVDYIEEDSSVFAQSIPWNLERITPPRYRADEYQPPDGGSLVEVYLLDTSIQSDHREIEGRVMVTDFENVPEEDGTRFHRQASKCDSHGTHLAGVVSGRDAGVAKGASMRSLRVLNCQGKGTVSGTLIGLEFIRKSQLVQPVGPLVVLLPLAGGYSRVLNAACQRLARAGVVLVTAAGNFRDDACLYSPASAPEVITVGATNAQDQPVTLGTLGTNFGRCVDLFAPGEDIIGASSDCSTCFVSQSGTSQAAAHVAGIAAMMLSAEPELTLAELRQRLIHFSAKDVINEAWFPEDQRVLTPNLVAALPPSTHGAGWQLFCRTVWSAHSGPTRMATAVARCAPDEELLSCSSFSRSGKRRGERMEAQGGKLVCRAHNAFGGEGVYAIARCCLLPQANCSVHTAPPAEASMGTRVHCHQQGHVLTGCSSHWEVEDLGTHKPPVLRPRGQPNQCVGHREASIHASCCHAPGLECKVKEHGIPAPQEQVTVACEEGWTLTGCSALPGTSHVLGAYAVDNTCVVRSRDVSTTGSTSEGAVTAVAICCRSRHLAQASQELQ
RRAGA,Extended,Cytosolic,No,MSKSQPVRGLSSPGFALSTLLPAQLRGGAERGAACESPAAPDPSLGAACRPRPQAQSAVPRRVMPNTAMKKKVLLMGKSGSGKTSMRSIIFANYIARDTRRLGATIDVEHSHVRFLGNLVLNLWDCGGQDTFMENYFTSQRDNIFRNVEVLIYVFDVESRELEKDMHYYQSCLEAILQNSPDAKIFCLVHKMDLVQEDQRDLIFKEREEDLRRLSRPLECACFRTSIWDETLYKAWSSIVYQLIPNVQQLEMNLRNFAQIIEADEVLLFERATFLVISHYQCKEQRDVHRFEKISNIIKQFKLSCSKLAASFQSMEVRNSNFAAFIDIFTSNTYVMVVMSDPSIPSAATLINIRNARKHFEKLERVDGPKHSLLMR
RRAGA,Annotated,Cytosolic,Yes,MPNTAMKKKVLLMGKSGSGKTSMRSIIFANYIARDTRRLGATIDVEHSHVRFLGNLVLNLWDCGGQDTFMENYFTSQRDNIFRNVEVLIYVFDVESRELEKDMHYYQSCLEAILQNSPDAKIFCLVHKMDLVQEDQRDLIFKEREEDLRRLSRPLECACFRTSIWDETLYKAWSSIVYQLIPNVQQLEMNLRNFAQIIEADEVLLFERATFLVISHYQCKEQRDVHRFEKISNIIKQFKLSCSKLAASFQSMEVRNSNFAAFIDIFTSNTYVMVVMSDPSIPSAATLINIRNARKHFEKLERVDGPKHSLLMR
EGLN3,Extended,Cytosolic,No,MELRTTPAGSRRQIPSPESCEKLSLVPDAAAARVPWQPQVSEPRATLPAPRLRARVDRSLSGCTLGIPDLDSAGEMPLGHIMRLDLEKIALEYIVPCLHEVGFCYLDNFLGEVVGDCVLERVKQLHCTGALRDGQLAGPRAGVSKRHLRGDQITWIGGNEEGCEAISFLLSLIDRLVLYCGSRLGKYYVKERSKAMVACYPGNGTGYVRHVDNPNGDGRCITCIYYLNKNWDAKLHGGILRIFPEGKSFIADVEPIFDRLLFFWSDRRNPHEVQPSYATRYAMTVWYFDAEERAEAKKKFRNLTRKTESALTED
EGLN3,Annotated,Cytosolic,No,MPLGHIMRLDLEKIALEYIVPCLHEVGFCYLDNFLGEVVGDCVLERVKQLHCTGALRDGQLAGPRAGVSKRHLRGDQITWIGGNEEGCEAISFLLSLIDRLVLYCGSRLGKYYVKERSKAMVACYPGNGTGYVRHVDNPNGDGRCITCIYYLNKNWDAKLHGGILRIFPEGKSFIADVEPIFDRLLFFWSDRRNPHEVQPSYATRYAMTVWYFDAEERAEAKKKFRNLTRKTESALTED
STAT3,Extended,Nuclear,No,MDRHPGLALSLPLGSERPFGLREPRRPSPAHAQPRPLGLCRRNRMAQWNQLQQLDTRYLEQLHQLYSDSFPMELRQFLAPWIESQDWAYAASKESHATLVFHNLLGEIDQQYSRFLQESNVLYQHNLRRIKQFLQSRYLEKPMEIARIVARCLWEESRLLQTAATAAQQGGQANHPTAAVVTEKQQMLEQHLQDVRKRVQDLEQKMKVVENLQDDFDFNYKTLKSQGDMQDLNGNNQSVTRQKMQQLEQMLTALDQMRRSIVSELAGLLSAMEYVQKTLTDEELADWKRRQQIACIGGPPNICLDRLENWITSLAESQLQTRQQIKKLEELQQKVSYKGDPIVQHRPMLEERIVELFRNLMKSAFVVERQPCMPMHPDRPLVIKTGVQFTTKVRLLVKFPELNYQLKIKVCIDKDSGDVAALRGSRKFNILGTNTKVMNMEESNNGSLSAEFKHLTLREQRCGNGGRANCDASLIVTEELHLITFETEVYHQGLKIDLETHSLPVVVISNICQMPNAWASILWYNMLTNNPKNVNFFTKPPIGTWDQVAEVLSWQFSSTTKRGLSIEQLTTLAEKLLGPGVNYSGCQITWAKFCKENMAGKGFSFWVWLDNIIDLVKKYILALWNEGYIMGFISKERERAILSTKPPGTFLLRFSESSKEGGVTFTWVEKDISGKTQIQSVEPYTKQQLNNMSFAEIIMGYKIMDATNILVSPLVYLYPDIPKEEAFGKYCRPESQEHPEADPGSAAPYLKTKFICVTPTTCSNTIDLPMSPRTLDSLMQFGNNGEGAEPSAGGQFESLTFDMELTSECATSPM
STAT3,Annotated,Nuclear,Yes,MAQWNQLQQLDTRYLEQLHQLYSDSFPMELRQFLAPWIESQDWAYAASKESHATLVFHNLLGEIDQQYSRFLQESNVLYQHNLRRIKQFLQSRYLEKPMEIARIVARCLWEESRLLQTAATAAQQGGQANHPTAAVVTEKQQMLEQHLQDVRKRVQDLEQKMKVVENLQDDFDFNYKTLKSQGDMQDLNGNNQSVTRQKMQQLEQMLTALDQMRRSIVSELAGLLSAMEYVQKTLTDEELADWKRRQQIACIGGPPNICLDRLENWITSLAESQLQTRQQIKKLEELQQKVSYKGDPIVQHRPMLEERIVELFRNLMKSAFVVERQPCMPMHPDRPLVIKTGVQFTTKVRLLVKFPELNYQLKIKVCIDKDSGDVAALRGSRKFNILGTNTKVMNMEESNNGSLSAEFKHLTLREQRCGNGGRANCDASLIVTEELHLITFETEVYHQGLKIDLETHSLPVVVISNICQMPNAWASILWYNMLTNNPKNVNFFTKPPIGTWDQVAEVLSWQFSSTTKRGLSIEQLTTLAEKLLGPGVNYSGCQITWAKFCKENMAGKGFSFWVWLDNIIDLVKKYILALWNEGYIMGFISKERERAILSTKPPGTFLLRFSESSKEGGVTFTWVEKDISGKTQIQSVEPYTKQQLNNMSFAEIIMGYKIMDATNILVSPLVYLYPDIPKEEAFGKYCRPESQEHPEADPGSAAPYLKTKFICVTPTTCSNTIDLPMSPRTLDSLMQFGNNGEGAEPSAGGQFESLTFDMELTSECATSPM